id_no,unique_number,name_en,name_fr,name_es,category,category_short,criteria_codes,criteria_count,country_en,country_fr,country_es,countries_en,countries_fr,countries_es,country_count,iso_code,udnp_code,region_en,transboundary,latitude,longitude,area_hectares,date_inscribed,site_age_years,in_danger,ever_in_danger,danger_since,danger_status,short_description,justification,unesco_url
208,230,Cultural Landscape and Archaeological Remains of the Bamiyan Valley,Paysage culturel et vestiges archéologiques de la vallée de Bamiyan,Paisaje cultural y vestigios arqueológicos del Valle de Bamiyán,Cultural,C,C1;C2;C3;C4;C6,5,Afghanistan,Afghanistan,Afganistán,Afghanistan,Afghanistan,Afganistán,1,af,afg,Asia and the Pacific,False,34.84694,67.82525,158.9265,2003,23,True,True,2003,Y 2003,"The cultural landscape and archaeological remains of the Bamiyan Valley represent the artistic and religious developments which from the 1st to the 13th centuries characterized ancient Bakhtria, integrating various cultural influences into the Gandhara school of Buddhist art. The area contains numerous Buddhist monastic ensembles and sanctuaries, as well as fortified edifices from the Islamic period. The site is also testimony to the tragic destruction by the Taliban of the two standing Buddha statues, which shook the world in March 2001.","Criterion (i): The Buddha statues and the cave art in Bamiyan Valley are an outstanding representation of the Gandharan school in Buddhist art in the Central Asian region. Criterion (ii) : The artistic and architectural remains of Bamiyan Valley, and an important Buddhist centre on the Silk Road, are an exceptional testimony to the interchange of Indian, Hellenistic, Roman, Sasanian influences as the basis for the development of a particular artistic expression in the Gandharan school. To this can be added the Islamic influence in a later period. Criterion (iii): The Bamiyan Valley bears an exceptional testimony to a cultural tradition in the Central Asian region, which has disappeared. Criterion (iv): The Bamiyan Valley is an outstanding example of a cultural landscape which illustrates a significant period in Buddhism. Criterion (vi): The Bamiyan Valley is the most monumental expression of the western Buddhism. It was an important centre of pilgrimage over many centuries. Due to their symbolic values, the monuments have suffered at different times of their existence, including the deliberate destruction in 2001, which shook the whole world.",https://whc.unesco.org/en/list/208/
211,234,Minaret and Archaeological Remains of Jam,Minaret et vestiges archéologiques de Djam,Minarete y vestigios arqueológicos de Jam,Cultural,C,C2;C3;C4,3,Afghanistan,Afghanistan,Afganistán,Afghanistan,Afghanistan,Afganistán,1,af,afg,Asia and the Pacific,False,34.39641667,64.51588889,70.0,2002,24,True,True,2002,Y 2002,"The 65m-tall Minaret of Jam is a graceful, soaring structure, dating back to the 12th century. Covered in elaborate brickwork with a blue tile inscription at the top, it is noteworthy for the quality of its architecture and decoration, which represent the culmination of an architectural and artistic tradition in this region. Its impact is heightened by its dramatic setting, a deep river valley between towering mountains in the heart of the Ghur province.",Criterion (ii): The innovative architecture and decoration of the Minaret of Jam played a significant role in the development of the arts and architecture of the Indian sub-continent and beyond. Criterion (iii): The Minaret of Jam and its associated archaeological remains constitute exceptional testimony to the power and quality of the Ghurid civilization that dominated its region in the 12th and 13th centuries. Criterion (iv): The Minaret of Jam is an outstanding example of Islamic architecture and ornamentation in this region and played a significant role in their further dissemination.,https://whc.unesco.org/en/list/211/
1033,1206,Historic Centre of Vienna,Centre historique de Vienne,Centro histórico de Viena,Cultural,C,C2;C4;C6,3,Austria,Autriche,Austria,Austria,Autriche,Austria,1,at,aut,Europe and North America,False,48.2094,16.3699,371.0,2001,25,True,True,2017,Y 2017,"Vienna developed from early Celtic and Roman settlements into a Medieval and Baroque city, the capital of the Austro-Hungarian Empire. It played an essential role as a leading European music centre, from the great age of Viennese Classicism through the early part of the 20th century. The historic centre of Vienna is rich in architectural ensembles, including Baroque castles and gardens, as well as the late-19th-century Ringstrasse lined with grand buildings, monuments and parks.","Criterion (ii): The urban and architectural qualities of the Historic Centre of Vienna bear outstanding witness to a continuing interchange of values throughout the second millennium. Criterion (iv): Three key periods of European cultural and political development – the Middle Ages, the Baroque period, and the Gründerzeit – are exceptionally well illustrated by the urban and architectural heritage of the Historic Centre of Vienna. Criterion (vi): Since the 16th century Vienna has been universally acknowledged to be the musical capital of Europe.",https://whc.unesco.org/en/list/1033/
420,484,City of Potosí,Ville de Potosí,Ciudad de Potosí­,Cultural,C,C2;C4;C6,3,Bolivia (Plurinational State of),Bolivie (État plurinational de),Bolivia (Estado Plurinacional de),Bolivia (Plurinational State of),Bolivie (État plurinational de),Bolivia (Estado Plurinacional de),1,bo,bol,Latin America and the Caribbean,False,-19.599112,-65.749813,2211.0,1987,39,True,True,2014,Y 2014,"In the 16th century, this area was regarded as the world’s largest industrial complex. The extraction of silver ore relied on a series of hydraulic mills. The site consists of the industrial monuments of the Cerro Rico, where water is provided by an intricate system of aqueducts and artificial lakes; the colonial town with the Casa de la Moneda; the Church of San Lorenzo; several patrician houses; and the barrios mitayos, the areas where the workers lived.",,https://whc.unesco.org/en/list/420/
475,553,Manovo-Gounda St Floris National Park,Parc national du Manovo-Gounda St Floris,Parque nacional del Manovo-Gounda St.Floris,Natural,N,N9;N10,2,Central African Republic,République centrafricaine,República Centroafricana,Central African Republic,République centrafricaine,República Centroafricana,1,cf,caf,Africa,False,9.0,21.5,1740000.0,1988,38,True,True,1997,Y 1997,"The importance of this park derives from its wealth of flora and fauna. Its vast savannahs are home to a wide variety of species: black rhinoceroses, elephants, cheetahs, leopards, wild dogs, red-fronted gazelles and buffalo, while various types of waterfowl are to be found in the northern floodplains.",,https://whc.unesco.org/en/list/475/
63,67,Virunga National Park,Parc national des Virunga,Parque Nacional de Virunga,Natural,N,N7;N8;N10,3,Democratic Republic of the Congo,République démocratique du Congo,República Democrática del Congo,Democratic Republic of the Congo,République démocratique du Congo,República Democrática del Congo,1,cd,cod,Africa,False,0.916666667,29.16666667,800000.0,1979,47,True,True,1994,Y 1994,"Virunga National Park (covering an area of 790,000 ha) comprises an outstanding diversity of habitats, ranging from swamps and steppes to the snowfields of Rwenzori at an altitude of over 5,000 m, and from lava plains to the savannahs on the slopes of volcanoes. Mountain gorillas are found in the park, some 20,000 hippopotamuses live in the rivers and birds from Siberia spend the winter there.",,https://whc.unesco.org/en/list/63/
136,149,Garamba National Park,Parc national de la Garamba,Parque Nacional de Garamba,Natural,N,N7;N10,2,Democratic Republic of the Congo,République démocratique du Congo,República Democrática del Congo,Democratic Republic of the Congo,République démocratique du Congo,República Democrática del Congo,1,cd,cod,Africa,False,4.0,29.25,500000.0,1980,46,True,True,1996,Y 1996 P 1984-1992,"The park's immense savannahs, grasslands and woodlands, interspersed with gallery forests along the river banks and the swampy depressions, are home to four large mammals: the elephant, giraffe, hippopotamus and above all the white rhinoceros. Though much larger than the black rhino, it is harmless; only some 30 individuals remain.",,https://whc.unesco.org/en/list/136/
137,150,Kahuzi-Biega National Park,Parc national de Kahuzi-Biega,Parque nacional de Kahuzi-Biega,Natural,N,N10,1,Democratic Republic of the Congo,République démocratique du Congo,República Democrática del Congo,Democratic Republic of the Congo,République démocratique du Congo,República Democrática del Congo,1,cd,cod,Africa,False,-2.334053,28.180743,600000.0,1980,46,True,True,1997,Y 1997,"A vast area of primary tropical forest dominated by two spectacular extinct volcanoes, Kahuzi and Biega, the park has a diverse and abundant fauna. One of the last groups of eastern lowland (graueri) gorillas (consisting of only some 250 individuals) lives at between 2,100 and 2,400 m above sea-level.",,https://whc.unesco.org/en/list/137/
718,849,Okapi Wildlife Reserve,Réserve de faune à okapis,Reserva de fauna de Okapis,Natural,N,N10,1,Democratic Republic of the Congo,République démocratique du Congo,República Democrática del Congo,Democratic Republic of the Congo,République démocratique du Congo,República Democrática del Congo,1,cd,cod,Africa,False,2.0,28.5,1372625.0,1996,30,True,True,1997,Y 1997,"The Okapi Wildlife Reserve occupies about one-fifth of the Ituri forest in the north-east of the Democratic Republic of the Congo. The Congo river basin, of which the reserve and forest are a part, is one of the largest drainage systems in Africa. The reserve contains threatened species of primates and birds and about 5,000 of the estimated 30,000 okapi surviving in the wild. It also has some dramatic scenery, including waterfalls on the Ituri and Epulu rivers. The reserve is inhabited by traditional nomadic pygmy Mbuti and Efe hunters.","The Committee inscribed the property as one of the most important sites for conservation, including the rare Okapi and rich floral diversity, under natural criterion (x) . The Committee expressed its hope that the activities outlined in the new management plan would ensure the integrity of the site. Considering the civil unrest in the country, the question of the long-term security of the site was raised.",https://whc.unesco.org/en/list/718/
196,217,Río Plátano Biosphere Reserve,Réserve de la biosphère Río Plátano,Reserva de biosfera de Río Plátano,Natural,N,N7;N8;N9;N10,4,Honduras,Honduras,Honduras,Honduras,Honduras,Honduras,1,hn,hnd,Latin America and the Caribbean,False,15.74444444,-84.675,350000.0,1982,44,True,True,2011,Y 2011 P 1996-2007,"Located on the watershed of the Río Plátano, the reserve is one of the few remains of a tropical rainforest in Central America and has an abundant and varied plant and wildlife. In its mountainous landscape sloping down to the Caribbean coast, over 2,000 indigenous people have preserved their traditional way of life.",,https://whc.unesco.org/en/list/196/
1167,1344,Tropical Rainforest Heritage of Sumatra,Patrimoine des forêts tropicales ombrophiles de Sumatra,Patrimonio de los bosques lluviosos tropicales de Sumatra,Natural,N,N7;N9;N10,3,Indonesia,Indonésie,Indonesia,Indonesia,Indonésie,Indonesia,1,id,idn,Asia and the Pacific,False,-2.5,101.5,2595124.0,2004,22,True,True,2011,Y 2011,"The 2.5 million hectare Tropical Rainforest Heritage of Sumatra site comprises three national parks: Gunung Leuser National Park, Kerinci Seblat National Park and Bukit Barisan Selatan National Park. The site holds the greatest potential for long-term conservation of the distinctive and diverse biota of Sumatra, including many endangered species. The protected area is home to an estimated 10,000 plant species, including 17 endemic genera; more than 200 mammal species; and some 580 bird species of which 465 are resident and 21 are endemic. Of the mammal species, 22 are Asian, not found elsewhere in the archipelago and 15 are confined to the Indonesian region, including the endemic Sumatran orang-utan. The site also provides biogeographic evidence of the evolution of the island.","Criterion (vii): The parks that comprise the Tropical Rainforest Heritage of Sumatra are all located on the prominent main spine of the Bukit Barisan Mountains, known as the 'Andes of Sumatra'. Outstanding scenic landscapes abound at all scales. The mountains of each site present prominent mountainous backdrops to the settled and developed lowlands of Sumatra. The combination of the spectacularly beautiful Lake Gunung Tujuh (the highest lake in southeast Asia), the magnificence of the giant Mount Kerinci volcano, numerous small volcanic, coastal and glacial lakes in natural forested settings, fumaroles belching smoke from forested mountains and numerous waterfalls and cave systems in lush rainforest settings, emphazise the outstanding beauty of the Tropical Rainforest Heritage of Sumatra. Criterion (ix): The Tropical Rainforest Heritage of Sumatra represent the most important blocks of forest on the island of Sumatra for the conservation of the biodiversity of both lowland and mountain forests. This once vast island of tropical rainforest, in the space of only 50 years, has been reduced to isolated remnants including those centred on the three nominated sites. The Leuser Ecosystem, including the Gunung Leuser National Park, is by far the largest and most significant forest remnant remaining in Sumatra. All three parks would undoubtedly have been important climatic refugia for species over evolutionary time and have now become critically important refugia for future evolutionary processes. Criterion (x): All three parks that comprise the Tropical Rainforest Heritage of Sumatra are areas of very diverse habitat and exceptional biodiversity. Collectively, the three sites include more than 50% of the total plant diversity of Sumatra. At least 92 local endemic species have been identified in Gunung Leuser National Park. The nomination contains populations of both the world’s largest flower (Rafflesia arnoldi) and the tallest flower (Amorphophallus titanium). The relict lowland forests in the nominated sites are very important for conservation of the plant and animal biodiversity of the rapidly disappearing lowland forests of South East Asia. Similarly, the montane forests, although less threatened, are very important for conservation of the distinctive montane vegetation of the property.",https://whc.unesco.org/en/list/1167/
276,1456,Samarra Archaeological City,Ville archéologique de Samarra,Ciudad arqueológica de Samarra,Cultural,C,C2;C3;C4,3,Iraq,Iraq,Iraq,Iraq,Iraq,Iraq,1,iq,irq,Arab States,False,34.34098944,43.82354306,15058.0,2007,19,True,True,2007,Y 2007,"Samarra Archaeological City is the site of a powerful Islamic capital city that ruled over the provinces of the Abbasid Empire extending from Tunisia to Central Asia for a century. Located on both sides of the River Tigris 130 km north of Baghdad, the length of the site from north to south is 41.5 km; its width varying from 8 km to 4 km. It testifies to the architectural and artistic innovations that developed there and spread to the other regions of the Islamic world and beyond. The 9th-century Great Mosque and its spiral minaret are among the numerous remarkable architectural monuments of the site, 80% of which remain to be excavated.",,https://whc.unesco.org/en/list/276/
277,309,Hatra,Hatra,Hatra,Cultural,C,C2;C3;C4;C6,4,Iraq,Iraq,Iraq,Iraq,Iraq,Iraq,1,iq,irq,Arab States,False,35.58806,42.71833,323.75,1985,41,True,True,2015,Y 2015,"A large fortified city under the influence of the Parthian Empire and capital of the first Arab Kingdom, Hatra withstood invasions by the Romans in A.D. 116 and 198 thanks to its high, thick walls reinforced by towers. The remains of the city, especially the temples where Hellenistic and Roman architecture blend with Eastern decorative features, attest to the greatness of its civilization.",,https://whc.unesco.org/en/list/277/
1130,1310,Ashur (Qal'at Sherqat),Assour (Qal'at Cherqat),Asur (Qal’at Sherqat),Cultural,C,C3;C4,2,Iraq,Iraq,Iraq,Iraq,Iraq,Iraq,1,iq,irq,Arab States,False,35.45666667,43.26111111,70.0,2003,23,True,True,2003,Y 2003,"The ancient city of Ashur is located on the Tigris River in northern Mesopotamia in a specific geo-ecological zone, at the borderline between rain-fed and irrigation agriculture. The city dates back to the 3rd millennium BC. From the 14th to the 9th centuries BC it was the first capital of the Assyrian Empire, a city-state and trading platform of international importance. It also served as the religious capital of the Assyrians, associated with the god Ashur. The city was destroyed by the Babylonians, but revived during the Parthian period in the 1st and 2nd centuries AD.","Criterion iii: Founded in the 3rd millennium BCE, the most important role of Ashur was from the 14th to 9th century BCE when it was the first capital of the Assyrian empire. Ashur was also the religious capital of Assyrians, and the place for crowning and burial of its kings. Criterion iv: The excavated remains of the public and residential buildings of Ashur provide an outstanding record of the evolution of building practice from the Sumerian and Akkadian period through the Assyrian empire, as well as including the short revival during the Parthian period.",https://whc.unesco.org/en/list/1130/
148,165,Old City of Jerusalem and its Walls,Vieille ville de Jérusalem et ses remparts,Ciudad vieja de Jerusalén y sus murallas,Cultural,C,C2;C3;C6,3,Jerusalem (Site proposed by Jordan),Jérusalem (site proposé par la Jordanie),Jerusalem (Site proposed by Jordan),Jerusalem (Site proposed by Jordan),Jérusalem (site proposé par la Jordanie),Jerusalem (Site proposed by Jordan),1,,,Arab States,False,31.77777778,35.23166667,0.0,1981,45,True,True,1982,Y 1982,"As a holy city for Judaism, Christianity and Islam, Jerusalem has always been of great symbolic importance. Among its 220 historic monuments, the Dome of the Rock stands out: built in the 7th century, it is decorated with beautiful geometric and floral motifs. It is recognized by all three religions as the site of Abraham's sacrifice. The Wailing Wall delimits the quarters of the different religious communities, while the Resurrection rotunda in the Church of the Holy Sepulchre houses Christ's tomb.",,https://whc.unesco.org/en/list/148/
801,947,Lake Turkana National Parks,Parcs nationaux du Lac Turkana,Parques nacionales del Lago Turkana,Natural,N,N8;N10,2,Kenya,Kenya,Kenya,Kenya,Kenya,Kenya,1,ke,ken,Africa,False,3.051305556,36.50366667,161485.0,1997,29,True,True,2018,Y 2018,"The most saline of Africa's large lakes, Turkana is an outstanding laboratory for the study of plant and animal communities. The three National Parks serve as a stopover for migrant waterfowl and are major breeding grounds for the Nile crocodile, hippopotamus and a variety of venomous snakes. The Koobi Fora deposits, rich in mammalian, molluscan and other fossil remains, have contributed more to the understanding of paleo-environments than any other site on the continent.",The Committee inscribed this property on the basis of natural criteria (viii) and (x) for the discoveries of mammal fossil remains in the site which led to the scientific reconstruction of the palaeo-environment of the entire Turkana Lake basin of the Quarternary Period. The Lake Turkana ecosystem with its diverse bird life and desert environment offers an exceptional laboratory for studies of plant and animal communities.,https://whc.unesco.org/en/list/801/
1702,2518,Rachid Karami International Fair-Tripoli,Foire internationale Rachid Karameh-Tripoli,Feria internacional Rachid Karameh de Trípoli,Cultural,C,C2;C4,2,Lebanon,Liban,Líbano,Lebanon,Liban,Líbano,1,lb,lbn,Arab States,False,34.43777778,35.82416667,72.0,2023,3,True,True,2023,Y 2023,"Located in northern Lebanon, the Rachid Karameh International Fair of Tripoli was designed in 1962 by the Brazilian architect Oscar Niemeyer on a 70-hectare site located between the historic centre of Tripoli and the Al Mina port. The main building of the fair consists of a huge covered hall in the shape of a boomerang of 750 metres by 70 metres, a flexible space for countries to install exhibitions. The fair was the flagship project of Lebanon's modernization policy in the 1960s. The close collaboration between Oscar Niemeyer, the architect of the project, and Lebanese engineers gave rise to a remarkable example of exchange between different continents. In terms of scale and wealth of formal expression, it is one of the major representative works of 20 th century modern architecture in the Arab Near East.",,https://whc.unesco.org/en/list/1702/
183,203,Archaeological Site of Leptis Magna,Site archéologique de Leptis Magna,Sitio arqueológico de Leptis Magna,Cultural,C,C1;C2;C3,3,Libya,Libye,Libia,Libya,Libye,Libia,1,ly,lby,Arab States,False,32.63833,14.29306,387.485,1982,44,True,True,2016,Y 2016,"Leptis Magna was enlarged and embellished by Septimius Severus, who was born there and later became emperor. It was one of the most beautiful cities of the Roman Empire, with its imposing public monuments, harbour, market-place, storehouses, shops and residential districts.",,https://whc.unesco.org/en/list/183/
184,204,Archaeological Site of Sabratha,Site archéologique de Sabratha,Sitio arqueológico de Sabratha,Cultural,C,C3,1,Libya,Libye,Libia,Libya,Libye,Libia,1,ly,lby,Arab States,False,32.80528,12.485,90.534,1982,44,True,True,2016,Y 2016,"A Phoenician trading-post that served as an outlet for the products of the African hinterland, Sabratha was part of the short-lived Numidian Kingdom of Massinissa before being Romanized and rebuilt in the 2nd and 3rd centuries A.D.",,https://whc.unesco.org/en/list/184/
190,211,Archaeological Site of Cyrene,Site archéologique de Cyrène,Sitio arqueológico de Cirene,Cultural,C,C2;C3;C6,3,Libya,Libye,Libia,Libya,Libye,Libia,1,ly,lby,Arab States,False,32.825,21.85833,131.675,1982,44,True,True,2016,Y 2016,"A colony of the Greeks of Thera, Cyrene was one of the principal cities in the Hellenic world. It was Romanized and remained a great capital until the earthquake of 365. A thousand years of history is written into its ruins, which have been famous since the 18th century.",,https://whc.unesco.org/en/list/190/
287,321,Rock-Art Sites of Tadrart Acacus,Sites rupestres du Tadrart Acacus,Sitio rupestre de Tadrart Acacus,Cultural,C,C3,1,Libya,Libye,Libia,Libya,Libye,Libia,1,ly,lby,Arab States,False,24.83333,10.33333,3923961.0,1985,41,True,True,2016,Y 2016,"On the borders of Tassili N'Ajjer in Algeria, also a World Heritage site, this rocky massif has thousands of cave paintings in very different styles, dating from 12,000 B.C. to A.D. 100. They reflect marked changes in the fauna and flora, and also the different ways of life of the populations that succeeded one another in this region of the Sahara.",,https://whc.unesco.org/en/list/287/
116,127,Old Towns of Djenné,Villes anciennes de Djenné,Ciudades antiguas de Djenné,Cultural,C,C3;C4,2,Mali,Mali,Malí,Mali,Mali,Malí,1,ml,mli,Africa,False,13.90639,-4.555,0.0,1988,38,True,True,2016,Y 2016,"Inhabited since 250 B.C., Djenné became a market centre and an important link in the trans-Saharan gold trade. In the 15th and 16th centuries, it was one of the centres for the propagation of Islam. Its traditional houses, of which nearly 2,000 have survived, are built on hillocks ( toguere ) as protection from the seasonal floods.",,https://whc.unesco.org/en/list/116/
119,131,Timbuktu,Tombouctou,Tombuctú,Cultural,C,C2;C4;C5,3,Mali,Mali,Malí,Mali,Mali,Malí,1,ml,mli,Africa,False,16.77333333,-2.999444444,0.0,1988,38,True,True,2012,Y 2012 P 1990-2005,"Home of the prestigious Koranic Sankore University and other madrasas , Timbuktu was an intellectual and spiritual capital and a centre for the propagation of Islam throughout Africa in the 15th and 16th centuries. Its three great mosques, Djingareyber, Sankore and Sidi Yahia, recall Timbuktu's golden age. Although continuously restored, these monuments are today under threat from desertification.",,https://whc.unesco.org/en/list/119/
1139,1320,Tomb of Askia,Tombeau des Askia,Tumba de los Askia,Cultural,C,C2;C3;C4,3,Mali,Mali,Malí,Mali,Mali,Malí,1,ml,mli,Africa,False,16.2898,-0.04456,4.24,2004,22,True,True,2012,Y 2012,"The dramatic 17-m pyramidal structure of the Tomb of Askia was built by Askia Mohamed, the Emperor of Songhai, in 1495 in his capital Gao. It bears testimony to the power and riches of the empire that flourished in the 15th and 16th centuries through its control of the trans-Saharan trade, notably in salt and gold. It is also a fine example of the monumental mud-building traditions of the West African Sahel. The complex, including the pyramidal tomb, two flat-roofed mosque buildings, the mosque cemetery and the open-air assembly ground, was built when Gao became the capital of the Songhai Empire and after Askia Mohamed had returned from Mecca and made Islam the official religion of the empire.",,https://whc.unesco.org/en/list/1139/
1182,1873,Islands and Protected Areas of the Gulf of California,Îles et aires protégées du Golfe de Californie,Islas y Ã¡reas protegidas del Golfo de California,Natural,N,N7;N9;N10,3,Mexico,Mexique,México,Mexico,Mexique,México,1,mx,mex,Latin America and the Caribbean,False,27.62667,-112.54583,688558.0,2005,21,True,True,2019,Y 2019,"The site comprises 244 islands, islets and coastal areas that are located in the Gulf of California in north-eastern Mexico. The Sea of Cortez and its islands have been called a natural laboratory for the investigation of speciation. Moreover, almost all major oceanographic processes occurring in the planet’s oceans are present in the property, giving it extraordinary importance for study. The site is one of striking natural beauty in a dramatic setting formed by rugged islands with high cliffs and sandy beaches, which contrast with the brilliant reflection from the desert and the surrounding turquoise waters. It is home to 695 vascular plant species, more than in any marine and insular property on the World Heritage List. Equally exceptional is the number of fish species: 891, 90 of them endemic. The site, moreover, contains 39% of the world’s total number of species of marine mammals and a third of the world’s marine cetacean species.","Criterion (ix): The property ranks higher than other marine and insular World Heritage properties as it represents a unique example in which, in a very short distance, there are simultaneously “bridge islands” (populated by land in ocean level decline during glaciations) and oceanic islands (populated by sea and air). Moreover, almost all major oceanographic processes occurring in the planet’s oceans are present in the property, giving it extraordinary importance for the study of marine and coastal processes. These processes are indeed supporting the high marine productivity and biodiversity richness that characterize the Gulf of California. Criterion (vii): The serial property is of striking natural beauty and provides a dramatic setting due to the rugged forms of the islands, with high cliffs and sandy beaches contrasting with the brilliant reflection from the desert and the surrounding turquoise waters. The diversity of forms and colours is complemented by a wealth of birds and marine life. The diversity and abundance of marine life associated to spectacular submarine forms and high water transparency makes the property a diver’s paradise. Criterion (x): The diversity of terrestrial and marine life is extraordinary and constitutes a unique ecoregion of high priority for biodiversity conservation. The number of species of vascular plants (695) present in this serial property is higher than that reported in other marine and insular properties included in the WH List. The number of species of fish (891) is also highest when compared to a number of marine and insular properties. In addition the marine endemism is important, with 90 endemic fishes. The serial property contains 39% of the world’s total number of marine mammal’s species and a third of the world’s total number of marine cetacean’s species. In addition the serial property includes a good sample of the Sonora desert ecosystems, considered one of the richest deserts in the world from the desert biodiversity point of view.",https://whc.unesco.org/en/list/1182/
1503,2093,Nan Madol: Ceremonial Centre of Eastern Micronesia,Nan Madol : centre cérémoniel de la Micronésie orientale,Nan Madol: Ceremonial Centre of Eastern Micronesia,Cultural,C,C1;C3;C4;C6,4,Micronesia (Federated States of),Micronésie (États fédérés de),Micronesia (Estados Federados de),Micronesia (Federated States of),Micronésie (États fédérés de),Micronesia (Estados Federados de),1,fm,fsm,Asia and the Pacific,False,6.839722222,158.3308333,76.7,2016,10,True,True,2016,Y 2016,"Nan Madol is a series of more than 100 islets off the south-east coast of Pohnpei that were constructed with walls of basalt and coral boulders. These islets harbour the remains of stone palaces, temples, tombs and residential domains built between 1200 and 1500 CE. These ruins represent the ceremonial centre of the Saudeleur dynasty, a vibrant period in Pacific Island culture. The huge scale of the edifices, their technical sophistication and the concentration of megalithic structures bear testimony to complex social and religious practices of the island societies of the period. The site was also inscribed on the List of World Heritage in Danger due to threats, notably the siltation of waterways that is contributing to the unchecked growth of mangroves and undermining existing edifices.",,https://whc.unesco.org/en/list/1503/
573,678,Air and Ténéré Natural Reserves,Réserves naturelles de l'Aïr et du Ténéré,Reservas naturales del Air y el Teneré,Natural,N,N7;N9;N10,3,Niger,Niger,Níger,Niger,Niger,Níger,1,ne,ner,Africa,False,19.07619264,9.661999998,7736000.0,1991,35,True,True,1992,Y 1992,"This is the largest protected area in Africa, covering some 7.7 million ha, though the area considered a protected sanctuary constitutes only one-sixth of the total area. It includes the volcanic rock mass of the Aïr, a small Sahelian pocket, isolated as regards its climate and flora and fauna, and situated in the Saharan desert of Ténéré. The reserves boast an outstanding variety of landscapes, plant species and wild animals.",,https://whc.unesco.org/en/list/573/
135,148,Fortifications on the Caribbean Side of Panama: Portobelo-San Lorenzo,"Fortifications de la côte caraïbe du Panama : Portobelo, San Lorenzo",Fortificaciones de la costa caribeña de Panamá: Portobelo y San Lorenzo,Cultural,C,C1;C4,2,Panama,Panama,Panamá,Panama,Panama,Panamá,1,pa,pan,Latin America and the Caribbean,False,9.553888889,-79.65583333,0.0,1980,46,True,True,2012,Y 2012,"Magnificent examples of 17th- and 18th-century military architecture, these Panamanian forts on the Caribbean coast form part of the defence system built by the Spanish Crown to protect transatlantic trade.",,https://whc.unesco.org/en/list/135/
366,419,Chan Chan Archaeological Zone,Zone archéologique de Chan Chan,Zona arqueológica de Chan Chan,Cultural,C,C1;C3,2,Peru,Pérou,Perú,Peru,Pérou,Perú,1,pe,per,Latin America and the Caribbean,False,-8.107836,-79.074737,1414.57,1986,40,True,True,1986,Y 1986,"The Chimu Kingdom, with Chan Chan as its capital, reached its apogee in the 15th century, not long before falling to the Incas. The planning of this huge city, the largest in pre-Columbian America, reflects a strict political and social strategy, marked by the city's division into nine 'citadels' or 'palaces' forming autonomous units.",,https://whc.unesco.org/en/list/366/
1552,2402,Roșia Montană Mining Landscape,Paysage minier de Roșia Montană,Paisaje minero de Roșia Montană,Cultural,C,C2;C3;C4,3,Romania,Roumanie,Rumania,Romania,Roumanie,Rumania,1,ro,rou,Europe and North America,False,46.30611111,23.13055556,,2021,5,True,True,2021,Y 2021,"Located in the Metalliferous range of the Apuseni Mountains in the west of Romania, Roșia Montană features the most significant, extensive and technically diverse underground Roman gold mining complex known at the time of inscription. As Alburnus Maior, it was the site of extensive gold-mining during the Roman Empire. Over 166 years starting in 106 CE, the Romans extracted some 500 tonnes of gold from the site developing highly engineered works, different types of galleries totalling 7km and a number of waterwheels in four underground localities chosen for their high-grade ore. Wax‐coated wooden writing tablets have provided detailed legal, socio‐economic, demographic and linguistic information about the Roman mining activities, not just in Alburnus Maior but also across the wider Dacian province. The site demonstrates a fusion of imported Roman mining technology with locally developed techniques, unknown elsewhere from such an early era. Mining on the site was also carried out, albeit to a lesser extent, between medieval times and the modern era. The later extractive works surround and cut across the Roman galleries. The ensemble is set in an agro-pastoral landscape which largely reflects the structures of the communities that supported the mines between the 18th and early 20th centuries.",,https://whc.unesco.org/en/list/1552/
724,856,Medieval Monuments in Kosovo,Monuments médiévaux au Kosovo,Monumentos medievales en Kosovo,Cultural,C,C2;C3;C4,3,Serbia,Serbie,Serbia,Serbia,Serbie,Serbia,1,rs,srb,Europe and North America,False,42.66111111,20.26555556,2.8802,2004,22,True,True,2006,Y 2006,"The four edifices of the site reflect the high points of the Byzantine-Romanesque ecclesiastical culture, with its distinct style of wall painting, which developed in the Balkans between the 13th and 17th centuries. The Dečani Monastery was built in the mid-14th century for the Serbian king Stefan Dečanski and is also his mausoleum. The Patriarchate of Peć Monastery is a group of four domed churches featuring series of wall paintings. The 13th-century frescoes of the Church of Holy Apostles are painted in a unique, monumental style. Early 14th-century frescoes in the church of the Holy Virgin of Ljevisa represent the appearance of the new so-called Palaiologian Renaissance style, combining the influences of the eastern Orthodox Byzantine and the Western Romanesque traditions. The style played a decisive role in subsequent Balkan art.",,https://whc.unesco.org/en/list/724/
854,1005,East Rennell,Rennell Est,Rennell Este,Natural,N,N9,1,Solomon Islands,Îles Salomon,Islas Salomón,Solomon Islands,Îles Salomon,Islas Salomón,1,sb,slb,Asia and the Pacific,False,-11.68333,160.33333,37000.0,1998,28,True,True,2013,Y 2013,"East Rennell makes up the southern third of Rennell Island, the southernmost island in the Solomon Island group in the western Pacific. Rennell, 86 km long x 15 km wide, is the largest raised coral atoll in the world. The site includes approximately 37,000 ha and a marine area extending 3 nautical miles to sea. A major feature of the island is Lake Tegano, which was the former lagoon on the atoll. The lake, the largest in the insular Pacific (15,500 ha), is brackish and contains many rugged limestone islands and endemic species. Rennell is mostly covered with dense forest, with a canopy averaging 20 m in height. Combined with the strong climatic effects of frequent cyclones, the site is a true natural laboratory for scientific study. The site is under customary land ownership and management.","Criterion (ix): East Rennell, as a stepping stone in the migration and evolution of species in the western Pacific, is an important site for the science of island biogeography. Combined with the strong climate effects of frequent cyclones, East Rennell is a true natural laboratory for scientific study.",https://whc.unesco.org/en/list/854/
1492,2012,"Palestine: Land of Olives and Vines – Cultural Landscape of Southern Jerusalem, Battir","Palestine : terre des oliviers et des vignes – Paysage culturel du sud de Jérusalem, Battir","Palestina: tierra de olivares y viñas – Paisaje cultural del sur de Jerusalén, Battir (Palestina)",Cultural,C,C4;C5,2,State of Palestine,État de Palestine,Estado de Palestina,State of Palestine,État de Palestine,Estado de Palestina,1,ps,pse,Arab States,False,31.71638889,35.15888889,348.83,2014,12,True,True,2014,Y 2014,"This site is located a few kilometres south-west of Jerusalem, in the Central Highlands between Nablus and Hebron. The Battir hill landscape comprises a series of farmed valleys, known as widian , with characteristic stone terraces, some of which are irrigated for market garden production, while others are dry and planted with grapevines and olive trees. The development of terrace farming in such a mountainous region is supported by a network of irrigation channels fed by underground sources. A traditional system of distribution is then used to share the water collected through this network between families from the nearby village of Battir.",,https://whc.unesco.org/en/list/1492/
1565,2230,Hebron/Al-Khalil Old Town,Vieille ville d’Hébron/Al-Khalil,Ciudad Vieja de Hebrón /Al-Khalil,Cultural,C,C2;C4;C6,3,State of Palestine,État de Palestine,Estado de Palestina,State of Palestine,État de Palestine,Estado de Palestina,1,ps,pse,Arab States,False,31.52444444,35.10833333,20.6,2017,9,True,True,2017,Y 2017,"The use of a local limestone shaped the construction of the old town of Hebron/Al-Khalil during the Mamluk period between 1250 and 1517. The centre of interest of the town was the site of Al-Ibrahimi Mosque/The tomb of the Patriarchs whose buildings are in a compound built in the 1st century AD to protect the tombs of the patriarch Abraham/Ibrahim and his family. This place became a site of pilgrimage for the three monotheistic religions: Judaism, Christianity and Islam. The town was sited at the crossroads of trade routes for caravans travelling between southern Palestine, Sinai, Eastern Jordan and the north of the Arabian Peninsula. Although the subsequent Ottoman Period (1517-1917) heralded an extension of the town to the surrounding areas and brought numerous architectural additions, particularly the raising of the roof level of houses to provide more upper stories, the overall Mamluk morphology of the town is seen to have persisted with its hierarchy of areas, quarters based on ethnic, religious or professional groupings, and houses with groups of rooms organized according to a tree-shaped system.",,https://whc.unesco.org/en/list/1565/
1749,2628,Saint Hilarion Monastery/ Tell Umm Amer,Monastère de Saint Hilarion/ Tell Umm Amer,Monasterio de San Hilarión / Tell Umm Amer,Cultural,C,C2;C3;C6,3,State of Palestine,État de Palestine,Estado de Palestina,State of Palestine,État de Palestine,Estado de Palestina,1,ps,pse,Arab States,False,31.44730556,34.36636111,1.3293,2024,2,True,True,2024,Y 2024,"Situated on the coastal dunes in Nuseirat Municipality, the ruins of Saint Hilarion Monastery/ Tell Umm Amer represent one of the earliest monastic sites in the Middle East, dating back to the 4th century. Founded by Saint Hilarion, the monastery began with solitary hermits and evolved into a coenobitic community. It was the first monastic community in the Holy Land, laying the groundwork for the spread of monastic practices in the region. The monastery occupied a strategic position at the crossroads of major trade and communication routes between Asia and Africa. This prime location facilitated its role as a hub of religious, cultural, and economic interchange, exemplifying the flourishing of monastic desert centres during the Byzantine period.",,https://whc.unesco.org/en/list/1749/
20,1862,Ancient City of Damascus,Ancienne ville de Damas,Ciudad vieja de Damasco,Cultural,C,C1;C2;C3;C4;C6,5,Syrian Arab Republic,République arabe syrienne,República Árabe Siria,Syrian Arab Republic,République arabe syrienne,República Árabe Siria,1,sy,syr,Arab States,False,33.51083333,36.30972222,86.12,1979,47,True,True,2013,Y 2013,"Founded in the 3rd millennium B.C., Damascus is one of the oldest cities in the Middle East. In the Middle Ages, it was the centre of a flourishing craft industry, specializing in swords and lace. The city has some 125 monuments from different periods of its history – one of the most spectacular is the 8th-century Great Mosque of the Umayyads, built on the site of an Assyrian sanctuary.",,https://whc.unesco.org/en/list/20/
21,24,Ancient City of Aleppo,Ancienne ville d'Alep,Ciudad vieja de Alepo,Cultural,C,C3;C4,2,Syrian Arab Republic,République arabe syrienne,República Árabe Siria,Syrian Arab Republic,République arabe syrienne,República Árabe Siria,1,sy,syr,Arab States,False,36.19916667,37.16277778,364.0,1986,40,True,True,2013,Y 2013,"Located at the crossroads of several trade routes from the 2nd millennium B.C., Aleppo was ruled successively by the Hittites, Assyrians, Arabs, Mongols, Mamelukes and Ottomans. The 13th-century citadel, 12th-century Great Mosque and various 17th-century madrasas, palaces, caravanserais and hammams all form part of the city's cohesive, unique urban fabric, now threatened by overpopulation.",,https://whc.unesco.org/en/list/21/
22,2209,Ancient City of Bosra,Ancienne ville de Bosra,Ciudad vieja de Bosra,Cultural,C,C1;C3;C6,3,Syrian Arab Republic,République arabe syrienne,República Árabe Siria,Syrian Arab Republic,République arabe syrienne,República Árabe Siria,1,sy,syr,Arab States,False,32.51916667,36.48416667,116.2,1980,46,True,True,2013,Y 2013,"Bosra, once the capital of the Roman province of Arabia, was an important stopover on the ancient caravan route to Mecca. A magnificent 2nd-century Roman theatre, early Christian ruins and several mosques are found within its great walls.",,https://whc.unesco.org/en/list/22/
23,2256,Site of Palmyra,Site de Palmyre,Sitio de Palmira,Cultural,C,C1;C2;C4,3,Syrian Arab Republic,République arabe syrienne,República Árabe Siria,Syrian Arab Republic,République arabe syrienne,República Árabe Siria,1,sy,syr,Arab States,False,34.55416667,38.26666667,1640.0,1980,46,True,True,2013,Y 2013,"An oasis in the Syrian desert, north-east of Damascus, Palmyra contains the monumental ruins of a great city that was one of the most important cultural centres of the ancient world. From the 1st to the 2nd century, the art and architecture of Palmyra, standing at the crossroads of several civilizations, married Graeco-Roman techniques with local traditions and Persian influences.",,https://whc.unesco.org/en/list/23/
1229,1406,Crac des Chevaliers and Qal’at Salah El-Din,Crac des Chevaliers et Qal’at Salah El-Din,Crac de los Caballeros y Qal’at Salah Al Din,Cultural,C,C2;C4,2,Syrian Arab Republic,République arabe syrienne,República Árabe Siria,Syrian Arab Republic,République arabe syrienne,República Árabe Siria,1,sy,syr,Arab States,False,34.75666667,36.29444444,8.87,2006,20,True,True,2013,Y 2013,"These two castles represent the most significant examples illustrating the exchange of influences and documenting the evolution of fortified architecture in the Near East during the time of the Crusades (11th - 13th centuries). The Crac des Chevaliers was built by the Hospitaller Order of Saint John of Jerusalem from 1142 to 1271. With further construction by the Mamluks in the late 13th century, it ranks among the best-preserved examples of the Crusader castles. The Qal’at Salah El-Din (Fortress of Saladin), even though partly in ruins, represents an outstanding example of this type of fortification, both in terms of the quality of construction and the survival of historical stratigraphy. It retains features from its Byzantine beginnings in the 10th century, the Frankish transformations in the late 12th century and fortifications added by the Ayyubid dynasty (late 12th to mid-13th century).",,https://whc.unesco.org/en/list/1229/
1348,1761,Ancient Villages of Northern Syria,Villages antiques du Nord de la Syrie,Aldeas antiguas del norte de Siria,Cultural,C,C3;C4;C5,3,Syrian Arab Republic,République arabe syrienne,República Árabe Siria,Syrian Arab Republic,République arabe syrienne,República Árabe Siria,1,sy,syr,Arab States,False,36.33416667,36.84416667,12290.0,2011,15,True,True,2013,Y 2013,"Some 40 villages grouped in eight parks situated in north-western Syria provide remarkable testimony to rural life in late Antiquity and during the Byzantine period. Abandoned in the 8th to 10th centuries, the villages, which date from the 1st to 7th centuries, feature a remarkably well preserved landscape and the architectural remains of dwellings, pagan temples, churches, cisterns, bathhouses etc. The relict cultural landscape of the villages also constitutes an important illustration of the transition from the ancient pagan world of the Roman Empire to Byzantine Christianity. Vestiges illustrating hydraulic techniques, protective walls and Roman agricultural plot plans furthermore offer testimony to the inhabitants' mastery of agricultural production.",,https://whc.unesco.org/en/list/1348/
527,2412,"Kyiv: Saint-Sophia Cathedral and Related Monastic Buildings, Kyiv-Pechersk Lavra",Kyiv : Cathédrale Sainte-Sophie et ensemble des bâtiments monastiques et Laure de Kyiv-Petchersk,"Kiev: catedral de Santa Sofía, conjunto de edificios monásticos y laura de Kievo-Petchersk",Cultural,C,C1;C2;C3;C4,4,Ukraine,Ukraine,Ucrania,Ukraine,Ukraine,Ucrania,1,ua,ukr,Europe and North America,False,50.45258,30.51686,28.52,1990,36,True,True,2023,Y 2023,"Designed to rival Hagia Sophia in Constantinople, Kyiv's Saint-Sophia Cathedral symbolizes the 'new Constantinople', capital of the Christian principality of Kyiv, which was created in the 11th century in a region evangelized after the baptism of St Vladimir in 988. The spiritual and intellectual influence of Kyiv-Pechersk Lavra contributed to the spread of Orthodox thought and the Orthodox faith in the Russian world from the 17th to the 19th century.",,https://whc.unesco.org/en/list/527/
865,1632,L'viv – the Ensemble of the Historic Centre,Lviv – ensemble du centre historique,Lvov – Conjunto del centro histórico,Cultural,C,C2;C5,2,Ukraine,Ukraine,Ucrania,Ukraine,Ukraine,Ucrania,1,ua,ukr,Europe and North America,False,49.84163,24.03198,120.0,1998,28,True,True,2023,Y 2023,"The city of L''viv, founded in the late Middle Ages, was a flourishing administrative, religious and commercial centre for several centuries. The medieval urban topography has been preserved virtually intact (in particular, there is evidence of the different ethnic communities who lived there), along with many fine Baroque and later buildings.","Criterion (ii): In its urban fabric and its architecture, L’viv is an outstanding example of the fusion of the architectural and artistic traditions of eastern Europe with those of Italy and Germany. Criterion (v): The political and commercial role of L’viv attracted to it a number of ethnic groups with different cultural and religious traditions, who established separate yet interdependent communities within the city, evidence for which is still discernible in the modern townscape.",https://whc.unesco.org/en/list/865/
1703,2519,The Historic Centre of Odesa,Le centre historique d’Odesa,,Cultural,C,C2;C4,2,Ukraine,Ukraine,Ucrania,Ukraine,Ukraine,Ucrania,1,ua,ukr,Europe and North America,False,46.48645,30.74161389,618.54,2023,3,True,True,2023,Y 2023,"The Historic Center of Odesa, part of the Black Sea port city developed on the site of Khadzhybei, is a densely built-up area, planned according to classicism canons, characterized by two- to four-storey buildings and wide perpendicular streets lined with trees. Historic buildings reflect the rapid economic development of the city in the 19th and early 20th centuries. The site includes theatres, bridges, monuments, religious buildings, schools, private palaces and tenement houses, clubs, hotels, banks, shopping centres, warehouses, stock exchanges and other public and administrative buildings designed by architects and engineers, mostly from Italy in the early years, but also of other nationalities. Eclecticism is the dominant feature of the historic city centre’s architecture. The site bears witness to the city’s highly diverse ethnic and religious communities, representing an outstanding example of intercultural exchanges and the growth of multicultural and multi-ethnic Eastern European cities of the 19th century.",,https://whc.unesco.org/en/list/1703/
199,1924,Selous Game Reserve,Réserve de gibier de Selous,Reserva de caza de Selous,Natural,N,N9;N10,2,United Republic of Tanzania,République-Unie de Tanzanie,República Unida de Tanzania,United Republic of Tanzania,République-Unie de Tanzanie,República Unida de Tanzania,1,tz,tza,Africa,False,-9.0,37.4,5120000.0,1982,44,True,True,2014,Y 2014,"Large numbers of elephants, black rhinoceroses, cheetahs, giraffes, hippopotamuses and crocodiles live in this immense sanctuary, which measures 50,000 km 2 and is relatively undisturbed by human impact. The park has a variety of vegetation zones, ranging from dense thickets to open wooded grasslands.",,https://whc.unesco.org/en/list/199/
76,82,Everglades National Park,Parc national des Everglades,Parque Nacional de Everglades,Natural,N,N8;N9;N10,3,United States of America,États-Unis d'Amérique,Estados Unidos de América,United States of America,États-Unis d'Amérique,Estados Unidos de América,1,us,usa,Europe and North America,False,25.55444444,-80.99638889,567017.0,1979,47,True,True,2010,Y 2010 P 1993-2007,"This site at the southern tip of Florida has been called 'a river of grass flowing imperceptibly from the hinterland into the sea'. The exceptional variety of its water habitats has made it a sanctuary for a large number of birds and reptiles, as well as for threatened species such as the manatee.",,https://whc.unesco.org/en/list/76/
885,1037,Historic Centre of Shakhrisyabz,Centre historique de Shakhrisyabz,Centro histórico de Shakhrisyabz,Cultural,C,C3;C4,2,Uzbekistan,Ouzbékistan,Uzbekistán,Uzbekistan,Ouzbékistan,Uzbekistán,1,uz,uzb,Asia and the Pacific,False,39.05,66.83333,240.0,2000,26,True,True,2016,Y 2016,"The historic centre of Shakhrisyabz contains a collection of exceptional monuments and ancient quarters which bear witness to the city's secular development, and particularly to the period of its apogee, under the rule of Amir Temur and the Temurids, in the 15th-16th century.","Criterion iii : Shakhrisyabz contains many fine monuments, and in particular those from the Timurid period, which was of great cultural and political significance in medieval Central Asia. Criterion iv : The buildings of Shakhrisyabz, notably the Ak-Sarai Palace and the Tomb of Timur, are outstanding examples of a style which had a profound influence on the architecture of this region.",https://whc.unesco.org/en/list/885/
658,779,Coro and its Port,Coro et son port,Coro y su puerto,Cultural,C,C4;C5,2,Venezuela (Bolivarian Republic of),Venezuela (République bolivarienne du),Venezuela (República Bolivariana de),Venezuela (Bolivarian Republic of),Venezuela (République bolivarienne du),Venezuela (República Bolivariana de),1,ve,ven,Latin America and the Caribbean,False,11.409794,-69.679228,18.4,1993,33,True,True,2005,Y 2005,"With its earthen constructions unique to the Caribbean, Coro is the only surviving example of a rich fusion of local traditions with Spanish Mudéjar and Dutch architectural techniques. One of the first colonial towns (founded in 1527), it has some 602 historic buildings.",,https://whc.unesco.org/en/list/658/
192,213,Old Walled City of Shibam,Ancienne ville de Shibam et son mur d'enceinte,Ciudad vieja amurallada de Shibam,Cultural,C,C3;C4;C5,3,Yemen,Yémen,Yemen,Yemen,Yémen,Yemen,1,ye,yem,Arab States,False,15.92694,48.62667,0.0,1982,44,True,True,2015,Y 2015,"Surrounded by a fortified wall, the 16th-century city of Shibam is one of the oldest and best examples of urban planning based on the principle of vertical construction. Its impressive tower-like structures rise out of the cliff and have given the city the nickname of ‘the Manhattan of the desert’.",,https://whc.unesco.org/en/list/192/
385,444,Old City of Sana'a,Vieille ville de Sana'a,Ciudad vieja de Sana’a,Cultural,C,C4;C5;C6,3,Yemen,Yémen,Yemen,Yemen,Yémen,Yemen,1,ye,yem,Arab States,False,15.35555556,44.20805556,,1986,40,True,True,2015,Y 2015,"Situated in a mountain valley at an altitude of 2,200 m, Sana’a has been inhabited for more than 2,500 years. In the 7th and 8th centuries the city became a major centre for the propagation of Islam. This religious and political heritage can be seen in the 103 mosques, 14 hammams and over 6,000 houses, all built before the 11th century. Sana’a’s many-storeyed tower-houses built of rammed earth ( pisé ) add to the beauty of the site.",,https://whc.unesco.org/en/list/385/
611,725,Historic Town of Zabid,Ville historique de Zabid,Ciudad histórica de Zabid,Cultural,C,C2;C4;C6,3,Yemen,Yémen,Yemen,Yemen,Yémen,Yemen,1,ye,yem,Arab States,False,14.19533333,43.31552778,,1993,33,True,True,2000,Y 2000,"Zabid's domestic and military architecture and its urban plan make it an outstanding archaeological and historical site. Besides being the capital of Yemen from the 13th to the 15th century, the city played an important role in the Arab and Muslim world for many centuries because of its Islamic university.",,https://whc.unesco.org/en/list/611/
1700,2505,"Landmarks of the Ancient Kingdom of Saba, Marib","Hauts lieux de l'ancien royaume de Saba, Marib","Monumentos del antiguo reino de Saba, Marib",Cultural,C,C3;C4,2,Yemen,Yémen,Yemen,Yemen,Yémen,Yemen,1,ye,yem,Arab States,False,15.42687778,45.33522778,375.29,2023,3,True,True,2023,Y 2023,"The Landmarks of the Ancient Kingdom of Saba, Marib, is a serial property comprising seven archaeological sites that bear witness to the rich Kingdom of Saba and its architectural, aesthetic and technological achievements from the 1st millennium BCE to the arrival of Islam around 630 CE. They bear witness to the complex centralized administration of the Kingdom when it controlled much of the incense route across the Arabian Peninsula, playing a key role in the wider network of cultural exchange fostered by trade with the Mediterranean and East Africa. Located in a semi-arid landscape of valleys, mountains and deserts, the property encompasses the remains of large urban settlements with monumental temples, ramparts and other buildings. The irrigation system of ancient Ma'rib reflects technological prowess in hydrological engineering and agriculture on a scale unparalleled in ancient South Arabia, resulting in the creation of the largest ancient man-made oasis.",,https://whc.unesco.org/en/list/1700/
155,173,Mount Nimba Strict Nature Reserve,Réserve naturelle intégrale du mont Nimba,Reserva natural integral del Monte Nimba,Natural,N,N9;N10,2,"Côte d'Ivoire,Guinea","Côte d'Ivoire,Guinée","Côte d'Ivoire,Guinea","Côte d'Ivoire,Guinea","Côte d'Ivoire,Guinée","Côte d'Ivoire,Guinea",1,"ci,gn","civ,gin",Africa,True,7.60318,-8.39097,17540.0,1981,45,True,True,1992,Y 1992,"Located on the borders of Guinea, Liberia and Côte d’Ivoire, Mount Nimba rises above the surrounding savannah. Its slopes are covered by dense forest at the foot of grassy mountain pastures. They harbour an especially rich flora and fauna, with endemic species such as the viviparous toad and chimpanzees that use stones as tools.",,https://whc.unesco.org/en/list/155/
